country,avg_exchange_rate,exchange_rate_volatility,total_trade_value
Viet Nam,23356.67,251.75371128695622,78221211286
"Korea, Rep.",1230.33,69.60220855521693,29260214267
Bangladesh,92.63,8.832849317185547,1928112180
Mexico,19.91,1.349920206393105,153837739120
China,6.79,0.23332646483597172,277347537907
