country,total_imports,avg_tariff,tariff_exposure
China,1.10939E+12,5.5,6097947866781.909
Mexico,6.15351E+11,5.62,3457759582953.8657
Viet Nam,3.12885E+11,5.68,1777968132530.7795
"Korea, Rep.",1.17041E+11,5.49,642066635066
Bangladesh,7711926031,6.62,51051069367.65144
